_step,Global/Averaged_Forgetting
4,0.0
9,-0.05854999999999999
14,0.03484999999999999
19,0.040016666666666666
24,0.112975
