_step,Global/Average_Accuracy
4,0.24905
9,0.35735
14,0.3665833333333333
19,0.3824125
24,0.331
