_step,Global/Task_1_Accuracy
4,0.05605
9,0.4071
14,0.34055
19,0.336
24,0.20315
